node_index,module,strength,strength_z,participation_coefficient,hub_class
0,6,113.7076619857456,-1.4784442489486376,0.7755086763322783,non_hub
1,6,120.84552482017541,-1.2387744253717945,0.7598629789872284,non_hub
2,6,93.0019628903509,-2.17368473820145,0.7094358709553978,non_hub
3,6,130.27585978618418,-0.9221296859027424,0.776545313867179,non_hub
4,6,130.31447456250004,-0.9208331078034212,0.7734086333923551,non_hub
5,6,121.79934677192982,-1.206747704740792,0.7772480188774158,non_hub
6,6,137.39454071820174,-0.6831039379089768,0.7750692225525515,non_hub
7,6,173.49575618092106,0.5290756936642758,0.799875464850663,non_hub
8,6,152.37660438267548,-0.18004740143964157,0.7917791047132947,non_hub
9,2,179.1348029078947,0.7184193901662989,0.807367379043968,non_hub
10,2,97.73298053070174,-2.0148301637295947,0.7151268414401226,non_hub
11,2,162.7344722752193,0.16774134541942176,0.7639386831100892,non_hub
12,2,156.14205493421053,-0.053613917032985285,0.7655536353665124,non_hub
13,2,164.50323386184212,0.22713150004253885,0.7636296119952437,non_hub
14,2,199.3222887883772,1.396259703389654,0.8051075937796608,connector_hub
15,6,190.37261380482454,1.0957542055770868,0.8039336218560234,connector_hub
16,2,123.30748349232455,-1.1561086170907366,0.7180401694827714,non_hub
17,2,201.47178425109652,1.4684338555524308,0.810424998791724,connector_hub
18,2,84.94395481688596,-2.4442505109188226,0.6430138248710597,non_hub
19,0,195.53710178070176,1.2691635230092981,0.8233880703451882,connector_hub
20,2,174.26542258114034,0.5549189768195361,0.7979878309771111,non_hub
21,2,174.39684778728068,0.5593318741670823,0.7828855529432643,non_hub
22,2,194.3196817225877,1.2282859021702281,0.7940107603130124,connector_hub
23,2,162.29729623464908,0.15306217506466419,0.7810882018143863,non_hub
24,2,190.03790738486842,1.084515683559827,0.8082318185542503,connector_hub
25,2,157.5883854177632,-0.005050113011026089,0.7780396678047018,non_hub
26,5,135.07090699342103,-0.7611251744882424,0.7648111043276437,non_hub
27,5,187.50467491337716,0.9994566969128891,0.8111127638800901,non_hub
28,0,130.74982463377194,-0.9062152484810745,0.8090932544295046,non_hub
29,0,194.2101506984649,1.2246081513032494,0.8059150791401568,connector_hub
30,5,121.26932014473685,-1.2245445426987345,0.7622224627824075,non_hub
31,6,157.3265101688596,-0.013843164399057733,0.800741760902759,non_hub
32,6,176.4329096019737,0.6276972360741813,0.8031659743851656,non_hub
33,2,154.19422237061406,-0.11901678308731595,0.7750042725154278,non_hub
34,5,179.52105290570174,0.7313886039181292,0.7805943692057212,non_hub
35,6,173.35614954385963,0.5243880863438777,0.8290085237800833,non_hub
36,0,178.45967212938598,0.6957503534630445,0.827342445384482,non_hub
37,6,183.2073465504386,0.8551642168684017,0.807951035792875,non_hub
38,2,158.35100452631582,0.02055654145163818,0.7967557228342275,non_hub
39,2,141.2710609199561,-0.552941039798207,0.7751138431808777,non_hub
40,2,189.75575735197367,1.075041860627856,0.7956209338853104,connector_hub
41,5,135.47055331907893,-0.7477061488519486,0.7729057622470671,non_hub
42,5,203.95757680592106,1.551899940133057,0.7871834750499253,connector_hub
43,5,135.16223564583333,-0.7580586092545164,0.7675372753430849,non_hub
44,5,139.99581627850876,-0.5957602512796528,0.7514281066765854,non_hub
45,5,199.37461728508774,1.3980167505430627,0.7988698868012336,connector_hub
46,2,167.70586394188604,0.33466701929678805,0.7869749271830915,non_hub
47,2,123.89115066447368,-1.136510677003989,0.7668446386423688,non_hub
48,6,158.9971352565789,0.04225183620888185,0.8240547245065478,non_hub
49,0,185.55049468859647,0.9338406938354138,0.8327509394392395,non_hub
50,3,125.84915470285088,-1.070766280771402,0.788635780469923,non_hub
51,3,110.27025551864035,-1.5938629142610572,0.7502435293669519,non_hub
52,3,174.1110190076754,0.5497345290274773,0.7977037159101578,non_hub
53,3,133.16338900986844,-0.825174387704067,0.7776996407507485,non_hub
54,3,104.73626705921053,-1.7796790427736726,0.7448216897069209,non_hub
55,3,139.45586797258775,-0.6138902319506864,0.8003593308751029,non_hub
56,3,149.80144626315789,-0.2665141361617245,0.784538330212711,non_hub
57,3,162.69469384868418,0.16640569514272396,0.7942104986634404,non_hub
58,1,181.85463345175438,0.8097438274280341,0.8115236356186033,non_hub
59,1,108.40893701754388,-1.6563608757834214,0.7167027668435564,non_hub
60,1,146.97797295504387,-0.3613186127013285,0.7345723558675006,non_hub
61,1,139.9138321929825,-0.5985130516303973,0.7260565938446418,non_hub
62,1,121.35211314035088,-1.2217645813696236,0.7238958342051899,non_hub
63,1,138.73714844078944,-0.6380228592346476,0.7251156441258797,non_hub
64,1,142.8414305285088,-0.5002123427410404,0.7398979847100613,non_hub
65,1,192.76281498574565,1.17601059444762,0.8002279317942493,connector_hub
66,1,160.22689689692984,0.0835438534724812,0.7784053204769539,non_hub
67,1,109.61825889583336,-1.6157551695741046,0.6519989045093244,non_hub
68,1,132.68399464035085,-0.8412711335551929,0.7173030593494891,non_hub
69,1,200.7923959736842,1.44562186373295,0.8018404037754099,connector_hub
70,1,205.03259580811405,1.587996124743745,0.8147711536697411,connector_hub
71,1,199.6528950855263,1.407360554547639,0.7857598299856564,connector_hub
72,1,177.54004238486843,0.664871713212157,0.7834738378321692,non_hub
73,1,147.88163693421052,-0.3309760589869406,0.7854478326003063,non_hub
74,1,163.06656060635967,0.1788919592071268,0.7694216040832771,non_hub
75,1,218.71437834868416,2.04739279343542,0.8074095106507437,connector_hub
76,4,131.91204365789477,-0.8671911267053551,0.8103616350563778,non_hub
77,4,204.4065489495614,1.5669751912205616,0.805958149233328,connector_hub
78,5,118.83251407565787,-1.3063657956723906,0.7463413775642156,non_hub
79,3,165.77493573574566,0.2698317551231829,0.8057755963606151,non_hub
80,1,147.3316223070176,-0.34944403907030136,0.752003242397844,non_hub
81,1,156.56644398574565,-0.03936409863934141,0.7639015779724676,non_hub
82,5,153.9709350899123,-0.12651415651884357,0.7595290951123812,non_hub
83,5,162.0996729703947,0.14642652879669932,0.7700799454918951,non_hub
84,5,135.31230339802633,-0.7530197464286322,0.7631453116607156,non_hub
85,1,195.7447521600877,1.2761358522551105,0.7938295948020259,connector_hub
86,4,178.13766609100878,0.6849382753664631,0.8239109267318335,non_hub
87,5,182.26662291666668,0.8235773017692282,0.8081518825279057,non_hub
88,3,214.79128582127194,1.9156661245808162,0.8335005926829565,connector_hub
89,1,141.1787581173246,-0.5560403143199355,0.7599414696958562,non_hub
90,3,185.23918386293852,0.9233877315981585,0.807422473817816,non_hub
91,3,151.97459169736842,-0.19354588293167094,0.8080110119686083,non_hub
92,3,175.80494620175438,0.6066119503472941,0.8051115261368528,non_hub
93,5,115.89574682236841,-1.4049743716297571,0.7598089104809704,non_hub
94,5,180.62886476973685,0.7685858827351071,0.7773111894564484,non_hub
95,5,143.72709991118418,-0.47047399813888074,0.7726445403290554,non_hub
96,5,187.34311834429823,0.9940320711800916,0.7946011731209427,non_hub
97,5,153.42271085635966,-0.14492202010265093,0.782069264131468,non_hub
98,3,152.47281312280703,-0.1768169762677463,0.8274054122820669,non_hub
99,4,158.7969578278509,0.0355304281151466,0.8320053819744705,non_hub
